[{"model": "products.category", "pk": 1, "fields": {"name": "bracelet", "friendly_name": "Bracelet"}}, {"model": "products.category", "pk": 2, "fields": {"name": "necklace", "friendly_name": "Necklace"}}, {"model": "products.category", "pk": 3, "fields": {"name": "earings", "friendly_name": "Earings"}}, {"model": "products.category", "pk": 4, "fields": {"name": "rings", "friendly_name": "Rings"}}, {"model": "products.product", "pk": 1, "fields": {"collections": 1, "category": 3, "sku": "pp5001340155", "name": "Sunbeam Hoop", "description": "Radiant golden hoops embody celestial charm with elegant, luminous allure.", "price": "117.00", "rating": "4.60", "image": "dione1.jpg"}}, {"model": "products.product", "pk": 2, "fields": {"collections": 1, "category": 2, "sku": "pp5001600425", "name": "Golden Grace", "description": "Exudes elegance and sophistication with a touch of timeless beauty.", "price": "130.00", "rating": "5.00", "image": "dione2.jpg"}}, {"model": "products.product", "pk": 3, "fields": {"collections": 1, "category": 4, "sku": "pp5001730010", "name": "Champagne Sparkle", "description": "Spectacular ring dazzles with effervescent charm and timeless elegance.", "price": "98.50", "rating": "4.80", "image": "dione3.jpg"}}, {"model": "products.product", "pk": 4, "fields": {"collections": 1, "category": 2, "sku": "pp5001890157", "name": "Gilded Serenity", "description": "Radiates tranquility and luxury with a serene and timeless allure.", "price": "169.99", "rating": "4.40", "image": "dione4.jpg"}}, {"model": "products.product", "pk": 5, "fields": {"collections": 1, "category": 2, "sku": "pp5002111605", "name": "Radiant Night", "description": "Mesmerizing piece exuding celestial elegance, capturing moonlit allure beautifully.", "price": "156.30", "rating": "5.00", "image": "dione5.jpg"}}, {"model": "products.product", "pk": 6, "fields": {"collections": 1, "category": 2, "sku": "pp5002260206", "name": "Radiant Sunflower", "description": "Vibrant charm radiates from this exquisite necklace, capturing nature's beauty.", "price": "89.90", "rating": "4.70", "image": "dione6.jpg"}}, {"model": "products.product", "pk": 7, "fields": {"collections": 1, "category": 2, "sku": "pp5002440521", "name": "Golden Cascade", "description": "Elegant design cascades like golden streams, exuding timeless sophistication allure.", "price": "165.00", "rating": "5.00", "image": "dione7.jpg"}}, {"model": "products.product", "pk": 8, "fields": {"collections": 1, "category": 3, "sku": "pp5002601115", "name": "Gilded Glamour", "description": "Exquisite earrings radiate opulence and sophistication, embodying chic, glamorous allure.", "price": "88.99", "rating": "4.70", "image": "dione8.jpg"}}, {"model": "products.product", "pk": 9, "fields": {"collections": 3, "category": 1, "sku": "pp5002690715", "name": "Golden Hour Charm", "description": "Captures essence of golden hour, radiating warmth and timeless charm.", "price": "75.00", "rating": "4.80", "image": "selene1.jpg"}}, {"model": "products.product", "pk": 10, "fields": {"collections": 3, "category": 2, "sku": "pp5002701115", "name": "Simple Rose Pink Diamond", "description": "Elegant piece adorned with delicate rose pink diamond exudes timeless beauty.", "price": "56.99", "rating": "4.60", "image": "selene2.jpg"}}, {"model": "products.product", "pk": 11, "fields": {"collections": 3, "category": 2, "sku": "pp5002761055", "name": "Double Necklace", "description": "Versatile accessory featuring dual strands exudes modern chic and elegance.", "price": "69.99", "rating": "3.00", "image": "selene3.jpg"}}, {"model": "products.product", "pk": 12, "fields": {"collections": 3, "category": 3, "sku": "pp5002820069", "name": "Golden Rose Pearl", "description": "Elegant design combines golden hues and lustrous pearls for timeless sophistication.", "price": "55.99", "rating": "4.90", "image": "selene4.jpg"}}, {"model": "products.product", "pk": 13, "fields": {"collections": 3, "category": 3, "sku": "pp5002820147", "name": "Golden Face", "description": "Unique and artistic earrings featuring golden face motif for bold style.", "price": "45.00", "rating": "4.50", "image": "selene5.jpg"}}, {"model": "products.product", "pk": 14, "fields": {"collections": 3, "category": 3, "sku": "pp5002910572", "name": "Sun Kissed Spiral", "description": "Whimsical spirals shine with golden glow, evoking warmth and elegance.", "price": "129.99", "rating": "5.00", "image": "selene6.jpg"}}, {"model": "products.product", "pk": 15, "fields": {"collections": 3, "category": 2, "sku": "pp5002990740", "name": "Golden Chain", "description": "Classic accessory with a timeless appeal, radiating elegance and sophistication.", "price": "110.89", "rating": "4.80", "image": "selene8.jpg"}}, {"model": "products.product", "pk": 16, "fields": {"collections": 3, "category": 3, "sku": "pp5003050248", "name": "Eternal Elegance Set", "description": "Matching earrings and rings exude timeless charm and sophisticated allure.", "price": "99.99", "rating": "5.00", "image": "selene10.jpg"}}, {"model": "products.product", "pk": 17, "fields": {"collections": 4, "category": 2, "sku": "pp5003070787", "name": "Gilded Serenity", "description": "Radiates tranquility and luxury with serene elegance, a timeless beauty.", "price": "59.99", "rating": "4.40", "image": "sephora1.jpg"}}, {"model": "products.product", "pk": 18, "fields": {"collections": 4, "category": 3, "sku": "pp5003090182", "name": "Golden Flower Sunshine", "description": "A design imbued with radiant golden hues exudes warmth beautifully.", "price": "59.99", "rating": "5.00", "image": "sephora2_mHo7RiU.jpg"}}, {"model": "products.product", "pk": 19, "fields": {"collections": 4, "category": 3, "sku": "pp5003090186", "name": "Golden Glow Stud", "description": "Radiant studs emit a warm glow, exuding timeless elegance effortlessly.", "price": "70.00", "rating": "5.00", "image": "sephora3.jpg"}}, {"model": "products.product", "pk": 20, "fields": {"collections": 4, "category": 3, "sku": "pp5003161326", "name": "Dark Diamond", "description": "Mysterious allure emanates from these elegant earrings, capturing sophistication perfectly.", "price": "47.89", "rating": "5.00", "image": "sephora4.jpg"}}, {"model": "products.product", "pk": 21, "fields": {"collections": 4, "category": 2, "sku": "pp5003230723", "name": "Sunset Mirage", "description": " Mirrors the enchanting hues of sunset, exuding warmth and elegance.", "price": "60.99", "rating": "5.00", "image": "sephora5.jpg"}}, {"model": "products.product", "pk": 22, "fields": {"collections": 5, "category": 4, "sku": "pp5003270936", "name": "Weeding Diamonds Set", "description": "Exquisite set symbolizes eternal love with dazzling diamonds and elegance.", "price": "76.99", "rating": "5.00", "image": "Theia1.jpg"}}, {"model": "products.product", "pk": 23, "fields": {"collections": 5, "category": 2, "sku": "pp5003360384", "name": "Shiny Pink Pearl ", "description": "Lustrous pearls in rosy hues radiate elegance and feminine charm beautifully.", "price": "39.99", "rating": "4.80", "image": "Theia2.jpg"}}, {"model": "products.product", "pk": 24, "fields": {"collections": 5, "category": 2, "sku": "pp5003440111", "name": "Double Neclace Mountain", "description": "A unique design featuring dual strands inspired by majestic mountains.", "price": "49.00", "rating": "4.80", "image": "Theia3.jpg"}}, {"model": "products.product", "pk": 25, "fields": {"collections": 5, "category": 3, "sku": "pp5003540313", "name": "Gilded Glamour Teardrop", "description": "Elegant teardrop design exudes glamour and sophistication with gilded allure.", "price": "106.99", "rating": "5.00", "image": "Theia4.jpg"}}, {"model": "products.product", "pk": 26, "fields": {"collections": 5, "category": 3, "sku": "pp5003560513", "name": "Sunset Splendor", "description": "Exudes splendor with radiant hues, capturing the beauty of a sunset.", "price": "78.99", "rating": "4.40", "image": "Theia5.jpg"}}, {"model": "products.product", "pk": 27, "fields": {"collections": 2, "category": 3, "sku": "pp5003560948", "name": "Glimmering Aura", "description": "Radiate ethereal glow, embodying celestial charm with captivating, shimmering aura.", "price": "338.99", "rating": "5.00", "image": "lisa1.png"}}, {"model": "products.product", "pk": 28, "fields": {"collections": 2, "category": 3, "sku": "pp5003570628", "name": "Sun-Kissed Spiral", "description": "Glowing spirals imbued with warmth evoke a sun-kissed allure beautifully.", "price": "350.00", "rating": "5.00", "image": "lisa2.png"}}, {"model": "products.product", "pk": 30, "fields": {"collections": 2, "category": 2, "sku": "pp5003690115", "name": "Dainty Daisy Chain", "description": "Delicate chain adorned with daisies exudes charm and timeless elegance.", "price": "178.99", "rating": "5.00", "image": "lisa4.jpg"}}, {"model": "products.product", "pk": 31, "fields": {"collections": 2, "category": 2, "sku": "pp5003690116", "name": "Shimmering Solstice", "description": "Captures the essence of a shimmering solstice, radiating elegance beautifully.", "price": "150.00", "rating": "5.00", "image": "lisa5.jpg"}}, {"model": "products.product", "pk": 32, "fields": {"collections": 2, "category": 2, "sku": "pp5003780391", "name": "Ethereal Eclipse", "description": "Radiates mysterious allure, capturing the beauty of an ethereal eclipse.", "price": "190.00", "rating": "5.00", "image": "lisa6.jpg"}}, {"model": "products.product", "pk": 42, "fields": {"collections": 2, "category": 3, "sku": "3", "name": "Luminous Gold Leaf", "description": "Elegant design inspired by nature radiates with golden luminosity beautifully.", "price": "249.99", "rating": "5.00", "image": "3_bcvf1Tm.png"}}, {"model": "products.collections", "pk": 1, "fields": {"name": "dione", "friendly_name": "Dione"}}, {"model": "products.collections", "pk": 2, "fields": {"name": "lisa", "friendly_name": "Lisa"}}, {"model": "products.collections", "pk": 3, "fields": {"name": "selene", "friendly_name": "Selene"}}, {"model": "products.collections", "pk": 4, "fields": {"name": "sephora", "friendly_name": "Sephora"}}, {"model": "products.collections", "pk": 5, "fields": {"name": "theia", "friendly_name": "Theia"}}]